row_id,slice_id,mode,sentence,supported_by_measurement?,supported_by_passage?,verdict
1,Subj_1slice_22,norag,"## Findings:
The 2D abdominal MRI slice demonstrates the presence of the liver, right kidney, left kidney, and spleen.",yes,n/a,supported
2,Subj_1slice_22,norag,"The liver covers approximately 5.3% of the slice, while the right and left kidneys cover 1.7% and 1.2%, respectively.",yes,n/a,supported
3,Subj_1slice_22,norag,"The spleen is identified, covering 0.8% of the slice.",yes,n/a,supported
4,Subj_1slice_22,norag,"Notably, there is an asymmetry between the paired kidneys, with the right kidney being larger than the left kidney by approximately 38%.",no,n/a,unsupported
5,Subj_1slice_22,norag,"The background comprises 90.9% of the slice.

## Impression:
The abdominal MRI slice shows normal organ presence, with the liver and kidneys appearing in their expected locations.",yes,n/a,supported
6,Subj_1slice_22,norag,"However, the relative size difference between the right and left kidneys is notable and may warrant further evaluation to determine its clinical significance.",n/a,n/a,supported
7,Subj_1slice_22,norag,"Overall, the automated segmentation output suggests no overt abnormalities in organ morphology, but the observed kidney asymmetry requires additional investigation.",n/a,n/a,supported
8,Subj_1slice_22,rag,"## Findings:
The automated segmentation output for this single 2D abdominal MRI slice shows the liver covering 5.3% of the slice, with a mean confidence of 0.95 and mean entropy of 0.13.",yes,yes,supported
9,Subj_1slice_22,rag,"The right kidney covers 1.7% of the slice, with a mean confidence of 0.95 and mean entropy of 0.12.",yes,yes,supported
10,Subj_1slice_22,rag,"The left kidney covers 1.2% of the slice, with a mean confidence of 0.93 and mean entropy of 0.17.",yes,yes,supported
11,Subj_1slice_22,rag,"The spleen covers 0.8% of the slice, with a mean confidence of 0.91 and mean entropy of 0.22.

## Impression:
The liver, right kidney, and left kidney segmentations appear reliable, given their high mean confidence values (all above 0.93) and low mean entropy values (all below 0.17).",yes,yes,supported
12,Subj_1slice_22,rag,"However, the spleen's segmentation, with a mean confidence of 0.91 and a higher mean entropy of 0.22, may require human review to confirm its accuracy, as its confidence is below the threshold of 0.93 and its entropy is relatively high, indicating potential uncertainty in the automated segmentation output.",partial,yes,partially_supported
13,Subj_15slice_16,norag,"## Findings:
The provided 2D abdominal MRI slice segmentation results show the presence of both kidneys, with the right kidney covering 0.3% of the slice (161 px) and the left kidney covering 0.2% of the slice (85 px).",partial,n/a,partially_supported
14,Subj_15slice_16,norag,The liver and spleen are not visible in this slice.,n/a,n/a,supported
15,Subj_15slice_16,norag,"The right kidney is slightly larger than the left, with a higher mean confidence (0.74 vs 0.62) but lower mean entropy (0.62 vs 0.81) in the segmentation output.

## Impression:
The clinical impression is that of an asymmetric renal appearance in this single 2D abdominal MRI slice, with the right kidney being larger and having a higher segmentation confidence than the left kidney.",yes,n/a,supported
16,Subj_15slice_16,norag,The absence of the liver and spleen in this slice may be due to the slice location or other technical factors.,n/a,n/a,supported
17,Subj_15slice_16,norag,Further imaging and clinical correlation would be necessary to fully assess the abdominal anatomy and determine the significance of these findings.,n/a,n/a,supported
18,Subj_15slice_16,rag,"## Findings:
The liver and spleen are not visible on this axial MRI slice, as indicated by 0 pixels (0.0% of slice) for both organs.",yes,yes,supported
19,Subj_15slice_16,rag,"The right kidney is present, covering 0.3% of the slice with 161 pixels, and has a mean confidence of 0.74 and mean entropy of 0.62.",partial,yes,partially_supported
20,Subj_15slice_16,rag,"The left kidney is also visible, covering 0.2% of the slice with 85 pixels, but has a lower mean confidence of 0.62 and higher mean entropy of 0.81.

## Impression:
The absence of the liver and spleen on this slice is likely due to the slice level, as these organs may be located at different craniocaudal levels.",yes,yes,supported
21,Subj_15slice_16,rag,The right kidney's segmentation appears relatively reliable given its confidence and entropy.,n/a,yes,supported
22,Subj_15slice_16,rag,"However, the left kidney's lower confidence and higher entropy suggest that this region requires human review to confirm the accuracy of the automated segmentation output.",n/a,yes,supported
23,Subj_15slice_16,rag,"Overall, this slice provides limited information about the abdominal organs due to their varying positions and the slice level.",n/a,yes,supported
24,Subj_15slice_10,norag,"## Findings:
The 2D abdominal MRI slice shows the presence of both kidneys, with the right kidney covering 1.8% of the slice (917 px) and the left kidney covering 1.4% of the slice (698 px).",partial,n/a,partially_supported
25,Subj_15slice_10,norag,The liver and spleen are not visible in this slice.,n/a,n/a,supported
26,Subj_15slice_10,norag,"The right kidney is slightly larger than the left, with a higher mean confidence (0.96 vs 0.94) and lower mean entropy (0.10 vs 0.15) in the automated segmentation output.

## Impression:
The absence of the liver and spleen in this single 2D slice is notable, suggesting that they may be located outside of the imaged plane.",yes,n/a,supported
27,Subj_15slice_10,norag,"The observed asymmetry between the paired kidneys, with the right kidney being larger, may be a normal anatomical variation or could be indicative of an underlying pathological process.",n/a,n/a,supported
28,Subj_15slice_10,norag,Further imaging and clinical correlation are recommended to fully assess the abdominal anatomy and determine the significance of these findings.,n/a,n/a,supported
29,Subj_15slice_10,rag,"## Findings:
The automated segmentation output of a single 2D abdominal MRI slice shows the right kidney covering 1.8% of the slice (917 px) with a mean confidence of 0.96 and mean entropy of 0.10.",partial,yes,partially_supported
30,Subj_15slice_10,rag,The left kidney covers 1.4% of the slice (698 px) with a mean confidence of 0.94 and mean entropy of 0.15.,partial,yes,partially_supported
31,Subj_15slice_10,rag,"The liver and spleen are not visible on this slice, covering 0.0% of the slice.",yes,yes,supported
32,Subj_15slice_10,rag,"The background covers 96.8% of the slice.

## Impression:
The right and left kidneys are identified on this single axial MRI slice with adequate confidence (mean confidence > 0.9 for both).",yes,yes,supported
33,Subj_15slice_10,rag,"However, the left kidney's slightly higher entropy (0.15) may indicate a need for human review to confirm its segmentation accuracy.",yes,yes,supported
34,Subj_15slice_10,rag,The size difference between the two kidneys (approximately 0.4% of the slice or 219 px) is within normal anatomical variation.,partial,yes,partially_supported
35,Subj_15slice_10,rag,The absence of the liver and spleen on this slice is likely due to the slice level and not indicative of any pathology.,n/a,yes,supported
36,Subj_15slice_10,rag,"Overall, the kidneys appear to be within normal limits on this single slice, but further evaluation of the entire MRI scan would be necessary for a comprehensive assessment.",n/a,yes,supported
37,Subj_1slice_29,norag,"## Findings:
The 2D abdominal MRI slice demonstrates the presence of the liver and spleen, with the liver occupying 14.2% of the slice and the spleen occupying 1.9% of the slice.",yes,n/a,supported
38,Subj_1slice_29,norag,"Notably, neither the right nor left kidney is visible in this slice.",n/a,n/a,supported
39,Subj_1slice_29,norag,"The liver and spleen segmentations have high mean confidence levels of 0.98 and 0.93, respectively, but the spleen segmentation has a higher mean entropy of 0.19, indicating slightly lower segmentation certainty.

## Impression:
The absence of visible kidneys in this single 2D abdominal MRI slice is unusual, as both kidneys are typically expected to be present in abdominal imaging.",yes,n/a,supported
40,Subj_1slice_29,norag,"The presence and relative size of the liver and spleen are within expected ranges, but the asymmetry in kidney visibility is notable.",n/a,n/a,supported
41,Subj_1slice_29,norag,Further imaging slices or sequences would be necessary to fully assess renal presence and morphology.,n/a,n/a,supported
42,Subj_1slice_29,rag,"## Findings:
The liver is present on this slice, covering 14.2% of the area with a high mean confidence of 0.98 and low mean entropy of 0.05.",yes,yes,supported
43,Subj_1slice_29,rag,"The spleen is also visible, covering 1.9% of the slice with a mean confidence of 0.93, which is above the typical threshold for automated segmentation, but its mean entropy is 0.19, indicating some uncertainty in the segmentation output.",yes,yes,supported
44,Subj_1slice_29,rag,"The right and left kidneys are not visible on this slice.

## Impression:
The liver appears well-segmented with high confidence and low entropy.",n/a,yes,supported
45,Subj_1slice_29,rag,"The spleen's segmentation, while having a confidence above the typical threshold, shows higher entropy, suggesting that this region may require human review to confirm the accuracy of the automated segmentation output.",n/a,yes,supported
46,Subj_1slice_29,rag,The absence of the kidneys on this slice is consistent with the normal anatomical variation and slice positioning.,n/a,yes,supported
47,Subj_1slice_29,rag,"Overall, this single slice provides limited information about the organs' volumes or sizes, and a comprehensive assessment would require a 3D volumetric analysis.",yes,yes,supported
48,Subj_15slice_25,norag,"## Findings:
The provided 2D abdominal MRI slice segmentation results show a small area of the liver (301 px, 0.6% of the slice) with a mean confidence of 0.88 and mean entropy of 0.28.",partial,n/a,partially_supported
49,Subj_15slice_25,norag,"Notably, the right kidney, left kidney, and spleen are not detected in this slice, with 99.4% of the slice classified as background.

## Impression:
The liver is partially visualized but covers a significantly smaller area than typically expected, suggesting that the slice may be too anterior or posterior to include the bulk of the liver and other abdominal organs.",yes,n/a,supported
50,Subj_15slice_25,norag,"The absence of the kidneys and spleen in this slice is unusual and may indicate that the slice is not representative of the typical abdominal anatomy, or there may be an issue with the segmentation algorithm or image acquisition.",n/a,n/a,supported
51,Subj_15slice_25,norag,Further imaging or slices are necessary for a comprehensive evaluation.,n/a,n/a,supported
52,Subj_15slice_25,rag,"## Findings:
The liver is present on this axial abdominal MRI slice, covering 0.6% of the slice with a mean confidence of 0.88 and mean entropy of 0.28.",yes,yes,supported
53,Subj_15slice_25,rag,"The right kidney, left kidney, and spleen are not visible on this slice.",n/a,yes,supported
54,Subj_15slice_25,rag,"The background occupies 99.4% of the slice.

## Impression:
The liver's automated segmentation output shows a relatively low coverage percentage, which is not unusual given the slice-based nature of the measurement.",yes,yes,supported
55,Subj_15slice_25,rag,"However, the mean confidence of 0.88 is below the typical threshold for high confidence, suggesting that this region may require human review to confirm the accuracy of the segmentation.",yes,no,supported
56,Subj_15slice_25,rag,"The mean entropy of 0.28 is within a reasonable range, indicating a relatively homogeneous texture.",yes,yes,supported
57,Subj_15slice_25,rag,The absence of the kidneys and spleen on this slice is likely due to the slice level and does not necessarily indicate any abnormality.,n/a,yes,supported
58,Subj_15slice_25,rag,"Overall, the liver's appearance on this single slice is unremarkable, but further review is recommended to assess the accuracy of the automated segmentation.",n/a,yes,supported
59,Subj_15slice_23,norag,"## Findings:
The provided 2D abdominal MRI slice shows a small area of the liver (179 px, 0.4% of the slice) with a mean confidence of 0.65 and mean entropy of 0.63.",partial,n/a,partially_supported
60,Subj_15slice_23,norag,"The right and left kidneys, as well as the spleen, are not visible in this slice.",n/a,n/a,supported
61,Subj_15slice_23,norag,"The background comprises the majority of the slice (99.6%).

## Impression:
The liver is partially visualized but covers a significantly smaller area than typically expected, suggesting that the slice may be too anterior or posterior to capture the full extent of the abdominal organs.",yes,n/a,supported
62,Subj_15slice_23,norag,The absence of the kidneys and spleen in this slice is notable and may indicate that they are located outside of the current slice plane.,n/a,n/a,supported
63,Subj_15slice_23,norag,Further imaging in additional planes would be necessary to fully evaluate the abdominal organs and assess for any potential asymmetries or abnormalities.,n/a,n/a,supported
64,Subj_15slice_23,rag,"## Findings:
The automated segmentation output of the single 2D abdominal MRI slice shows the liver occupying 0.4% of the slice with 179 pixels, and a mean confidence of 0.65, which is below the typical threshold for high confidence, and a mean entropy of 0.63.",partial,yes,partially_supported
65,Subj_15slice_23,rag,"The right kidney, left kidney, and spleen are not visible on this slice, with 0 pixels each.",yes,yes,supported
66,Subj_15slice_23,rag,"The background occupies 99.6% of the slice.

## Impression:
The liver region requires human review due to its low mean confidence and high entropy.",yes,no,supported
67,Subj_15slice_23,rag,"The absence of the right kidney, left kidney, and spleen on this slice is likely due to the slice level and does not necessarily indicate an abnormality.",n/a,yes,supported
68,Subj_15slice_23,rag,A 3D volumetric analysis would be necessary to assess the size and morphology of these organs accurately.,yes,yes,supported
69,Subj_15slice_23,rag,The provided measurements are limited to this single slice and should not be interpreted as a statement about the organs' total volume or size relative to normal reference ranges.,n/a,yes,supported
70,Subj_15slice_22,norag,"## Findings:
The provided 2D abdominal MRI slice shows an absence of the liver, right kidney, left kidney, and spleen, with 0 pixels allocated to each of these organs.",yes,n/a,supported
71,Subj_15slice_22,norag,"The entire slice is comprised of background, covering 100.0% of the area, totaling 50,176 pixels.",partial,n/a,partially_supported
72,Subj_15slice_22,norag,"There is a notable absence of abdominal organs in the slice, suggesting that the slice may be too superior or inferior to include these structures.

## Impression:
The clinical impression is that the MRI slice does not include the typical abdominal organs, which may indicate that the slice is not representative of the standard anatomical region.",n/a,n/a,supported
73,Subj_15slice_22,norag,Further imaging or adjustment of the slice position may be necessary to evaluate the abdominal organs.,n/a,n/a,supported
74,Subj_15slice_22,norag,The absence of any notable asymmetries between paired structures is due to their complete absence from the slice.,n/a,n/a,supported
75,Subj_15slice_22,rag,"## Findings:
The automated segmentation output of the 2D abdominal MRI slice shows that none of the organs (liver, right kidney, left kidney, and spleen) are visible on this particular slice, with 0 pixels allocated to each organ and 100.0% of the slice allocated to the background.",yes,yes,supported
76,Subj_15slice_22,rag,"This suggests that the slice level may not intersect with these organs or they may be outside the field of view.

## Impression:
Given that none of the organs are visible on this slice, with zero pixels allocated to each, it is likely that this slice is either too high or too low to capture the abdominal organs of interest.",n/a,yes,supported
77,Subj_15slice_22,rag,This is a normal consequence of 3D anatomy being sampled by a single 2D slice and does not necessarily indicate a segmentation error.,yes,yes,supported
78,Subj_15slice_22,rag,"However, human review is recommended to confirm the absence of these organs on this slice and to assess the entire scan for accurate organ visualization and measurement.",n/a,yes,supported
79,Subj_15slice_17,norag,"## Findings:
The provided 2D abdominal MRI slice shows an absence of segmented liver, right kidney, left kidney, and spleen, with 0 pixels allocated to each of these organs.",yes,n/a,supported
80,Subj_15slice_17,norag,"The entire slice is comprised of background, covering 100.0% of the area, totaling 50,176 pixels.",partial,n/a,partially_supported
81,Subj_15slice_17,norag,"There is no visible representation of the major abdominal organs in this slice.

## Impression:
The clinical impression is that the provided MRI slice does not capture any of the major abdominal organs, including the liver, kidneys, or spleen, suggesting that the slice may be too superior or inferior to include these structures, or there may be an issue with the imaging or segmentation protocol.",n/a,n/a,supported
82,Subj_15slice_17,norag,Further evaluation with additional slices or imaging sequences is recommended to fully assess abdominal anatomy.,n/a,n/a,supported
83,Subj_15slice_17,rag,"## Findings:
The automated segmentation output of the single 2D abdominal MRI slice shows that none of the organs (liver, right kidney, left kidney, spleen) are visible on this particular slice, with 0 pixels (0.0% of the slice) attributed to each organ.",yes,yes,supported
84,Subj_15slice_17,rag,"The entire slice is comprised of background pixels, covering 100.0% of the slice.

## Impression:
Given that none of the organs are visible on this slice, with zero pixels attributed to each, it suggests that this slice may be taken at a level where none of the organs are present.",yes,yes,supported
85,Subj_15slice_17,rag,This is a normal consequence of 3D anatomy being sampled by a single 2D slice and does not necessarily indicate a segmentation error or abnormality.,yes,yes,supported
86,Subj_15slice_17,rag,"However, human review is recommended to confirm the absence of these organs on this slice and to assess the entire scan for accurate organ visualization and measurement.",n/a,yes,supported
87,Subj_1slice_6,norag,"## Findings:
The provided 2D abdominal MRI slice shows an absence of segmented liver, right kidney, left kidney, and spleen, with 0 pixels allocated to each of these organs.",yes,n/a,supported
88,Subj_1slice_6,norag,"The entire slice is comprised of background, covering 100.0% of the area, totaling 50,176 pixels.",partial,n/a,partially_supported
89,Subj_1slice_6,norag,"Notably, there is a complete lack of identifiable abdominal organs in the segmented output.

## Impression:
The clinical impression is that the provided MRI slice does not capture any of the major abdominal organs, including the liver, kidneys, or spleen, suggesting that the slice may be too superior or inferior to include these structures, or there may be an issue with the imaging or segmentation protocol.",n/a,n/a,supported
90,Subj_1slice_6,norag,Further evaluation with additional slices or imaging sequences is recommended to fully assess abdominal anatomy.,n/a,n/a,supported
91,Subj_1slice_6,rag,"## Findings:
The automated segmentation output of the single 2D abdominal MRI slice shows that none of the organs (liver, right kidney, left kidney, spleen) are visible on this particular slice, with 0 pixels allocated to each organ and 100.0% of the slice allocated to the background.",yes,yes,supported
92,Subj_1slice_6,rag,"This suggests that the slice level may not intersect with these organs.

## Impression:
Given that none of the organs are visible on this slice, with 0% coverage, it is likely that this slice is taken at a level where the organs are not present.",yes,yes,supported
93,Subj_1slice_6,rag,This is a normal consequence of 3D anatomy being sampled by a single 2D slice and does not necessarily indicate a segmentation error or abnormality.,yes,yes,supported
94,Subj_1slice_6,rag,"No regions require human review based on confidence or entropy thresholds, as no organs are detected on this slice.",n/a,yes,supported
95,Subj_15slice_15,norag,"## Findings:
The automated segmentation of a single 2D abdominal MRI slice reveals the presence of both kidneys, with the left kidney covering approximately 1.0% of the slice and the right kidney covering 0.2%.",yes,n/a,supported
96,Subj_15slice_15,norag,"The liver is barely detected, covering 0.0% of the slice with low confidence.",yes,n/a,supported
97,Subj_15slice_15,norag,The spleen is not detected.,n/a,n/a,supported
98,Subj_15slice_15,norag,"There is a notable asymmetry between the paired kidneys, with the left kidney being significantly larger in terms of pixel coverage.

## Impression:
The clinical impression is that of an abdominal MRI slice with an apparent absence of the spleen and a significantly smaller right kidney compared to the left, suggesting potential renal asymmetry or pathology.",n/a,n/a,supported
99,Subj_15slice_15,norag,The low confidence and high entropy associated with the liver detection suggest the need for human review to confirm or rule out liver pathology.,n/a,n/a,supported
100,Subj_15slice_15,norag,Further evaluation of adjacent slices and correlation with clinical history is recommended.,n/a,n/a,supported
101,Subj_15slice_15,rag,"## Findings:
The automated segmentation output of a single 2D abdominal MRI slice shows the left kidney with a coverage of 1.0% of the slice (486 px) and the right kidney with a coverage of 0.2% of the slice (96 px).",partial,yes,partially_supported
102,Subj_15slice_15,rag,"The liver is barely visible, covering 0.0% of the slice (3 px), with low mean confidence (0.36) and high mean entropy (1.23), indicating that this region requires human review.",yes,yes,supported
103,Subj_15slice_15,rag,"The spleen is not visible on this slice, covering 0.0% of the slice (0 px).

## Impression:
Given the low confidence and high entropy of the liver segmentation, this region requires human review.",yes,yes,supported
104,Subj_15slice_15,rag,"The left and right kidneys are visible, with the left kidney covering a larger area of the slice than the right kidney, which may be consistent with normal anatomical variation given the right kidney's typical displacement downward by the liver.",n/a,yes,supported
105,Subj_15slice_15,rag,"However, without further context or 3D volumetric analysis, no definitive conclusion can be drawn regarding the size or symmetry of the kidneys.",yes,yes,supported
106,Subj_15slice_15,rag,The spleen's absence from this slice is not unusual given its smaller size and position near the edge of a typical axial slice.,n/a,yes,supported
107,Subj_1slice_25,norag,"## Findings:
The 2D abdominal MRI slice demonstrates the presence of the liver, right kidney, left kidney, and spleen.",yes,n/a,supported
108,Subj_1slice_25,norag,"The liver comprises 11.0% of the slice, while the right and left kidneys account for 0.9% and 1.7%, respectively.",yes,n/a,supported
109,Subj_1slice_25,norag,The spleen covers 1.2% of the slice.,yes,n/a,supported
110,Subj_1slice_25,norag,"Notable asymmetry is observed between the paired kidneys, with the left kidney being approximately 1.9 times larger than the right kidney in terms of pixel area.

## Impression:
The abdominal MRI slice shows normal presence of major organs, with the liver covering a relatively typical proportion of the slice.",yes,n/a,supported
111,Subj_1slice_25,norag,"However, the significant size discrepancy between the left and right kidneys warrants further evaluation to determine the cause of this asymmetry, which could be indicative of an underlying renal pathology or anatomical variation.",n/a,n/a,supported
112,Subj_1slice_25,rag,"## Findings:
The liver occupies 11.0% of the slice, with a mean confidence of 0.96 and mean entropy of 0.11.",yes,yes,supported
113,Subj_1slice_25,rag,"The right kidney covers 0.9% of the slice, with a mean confidence of 0.93 and mean entropy of 0.18.",yes,yes,supported
114,Subj_1slice_25,rag,"The left kidney covers 1.7% of the slice, with a mean confidence of 0.96 and mean entropy of 0.11.",yes,yes,supported
115,Subj_1slice_25,rag,"The spleen covers 1.2% of the slice, with a mean confidence of 0.92 and mean entropy of 0.19.",yes,yes,supported
116,Subj_1slice_25,rag,"The left and right kidney sizes show a difference, but without additional context or threshold, it is noted.",n/a,yes,supported
117,Subj_1slice_25,rag,"The spleen's and right kidney's entropy values are relatively high, suggesting potential for human review.

## Impression:
The automated segmentation output for this single 2D abdominal MRI slice shows the liver, kidneys, and spleen in their expected relative positions.",yes,yes,supported
118,Subj_1slice_25,rag,"However, the spleen and right kidney regions have relatively high entropy values, indicating potential uncertainty in their segmentation.",n/a,no,partially_supported
119,Subj_1slice_25,rag,"Given their mean confidence values (0.92 for spleen and 0.93 for right kidney) are below a typical high-confidence threshold (e.g., 0.95), these regions may require human review to confirm accuracy.",yes,yes,supported
120,Subj_1slice_25,rag,The left kidney appears well-segmented with high confidence and low entropy.,n/a,yes,supported
121,Subj_1slice_25,rag,"Overall, while the segmentation provides a useful initial assessment, human review of the spleen and right kidney is recommended to ensure accuracy.",n/a,yes,supported
122,Subj_1slice_34,norag,"## Findings:
The 2D abdominal MRI slice demonstrates the presence of the liver, which occupies 4.5% of the slice area, with a high mean confidence of 0.97 and low mean entropy of 0.07.",yes,n/a,supported
123,Subj_1slice_34,norag,"Notably, the right kidney, left kidney, and spleen are not visible in this slice, suggesting they may be located outside of the imaged plane.",n/a,n/a,supported
124,Subj_1slice_34,norag,"The background comprises the majority of the slice, at 95.5%.

## Impression:
The clinical impression is that this single MRI slice provides limited anatomical coverage, with only the liver visualized among the major abdominal organs.",yes,n/a,supported
125,Subj_1slice_34,norag,"The absence of the kidneys and spleen in this slice is likely due to their location outside of the imaged plane rather than anatomical absence, given the typical anatomy.",n/a,n/a,supported
126,Subj_1slice_34,norag,Further imaging slices would be necessary to fully assess the abdominal organs and identify any potential asymmetries or abnormalities.,n/a,n/a,supported
127,Subj_1slice_34,rag,"## Findings:
The liver is present on this axial abdominal MRI slice, covering 4.5% of the slice with a mean confidence of 0.97 and mean entropy of 0.07.",yes,yes,supported
128,Subj_1slice_34,rag,"The right kidney, left kidney, and spleen are not visible on this slice, as indicated by 0 pixels.",yes,yes,supported
129,Subj_1slice_34,rag,"The background occupies 95.5% of the slice.

## Impression:
The liver's automated segmentation output on this single 2D abdominal MRI slice appears reliable given its high confidence and low entropy.",yes,yes,supported
130,Subj_1slice_34,rag,"However, the absence of the kidneys and spleen on this slice is likely due to the slice level rather than a segmentation error, as these organs may be situated at different craniocaudal levels.",n/a,yes,supported
131,Subj_1slice_34,rag,No conclusions can be drawn about the size or volume of the liver or other organs based on this single slice.,n/a,yes,supported
132,Subj_1slice_34,rag,"Human review is not required for the liver region on this slice due to its high confidence, but a comprehensive assessment of organ size and anatomy would necessitate evaluation of the entire MRI scan.",n/a,yes,supported
133,Subj_1slice_17,norag,"## Findings:
The 2D abdominal MRI slice demonstrates the presence of the liver and both kidneys, with the liver covering 2.0% of the slice and the right and left kidneys covering 1.6% and 1.0% of the slice, respectively.",yes,n/a,supported
134,Subj_1slice_17,norag,The spleen is not visible in this slice.,n/a,n/a,supported
135,Subj_1slice_17,norag,"The right kidney is larger than the left kidney, with a pixel area ratio of approximately 1.58:1.",yes,n/a,supported
136,Subj_1slice_17,norag,"The mean confidence and entropy values for the segmented organs are within acceptable ranges, indicating reliable automated segmentation.

## Impression:
The clinical impression is that of an abdominal MRI slice with normal liver and kidney presence, but notable asymmetry between the paired kidneys.",n/a,n/a,supported
137,Subj_1slice_17,norag,The absence of the spleen in this single slice is not uncommon and may be due to slice positioning rather than splenic absence or atrophy.,n/a,n/a,supported
138,Subj_1slice_17,norag,Further imaging slices would be necessary to fully evaluate abdominal anatomy and assess for any potential pathology.,n/a,n/a,supported
139,Subj_1slice_17,rag,"## Findings:
The liver occupies 2.0% of the slice with a mean confidence of 0.96 and mean entropy of 0.09.",yes,yes,supported
140,Subj_1slice_17,rag,The right kidney covers 1.6% of the slice with a mean confidence of 0.97 and mean entropy of 0.08.,yes,yes,supported
141,Subj_1slice_17,rag,The left kidney covers 1.0% of the slice with a mean confidence of 0.95 and mean entropy of 0.11.,yes,yes,supported
142,Subj_1slice_17,rag,The spleen is not visible on this slice.,n/a,yes,supported
143,Subj_1slice_17,rag,"The left and right kidney sizes show a notable difference, with the left kidney covering approximately 63% of the right kidney's area.

## Impression:
The liver and right kidney segmentations appear reliable given their high confidence and low entropy values.",no,yes,unsupported
144,Subj_1slice_17,rag,"However, the left kidney's slightly lower confidence and higher entropy may warrant human review to confirm its size and shape.",n/a,yes,supported
145,Subj_1slice_17,rag,"The notable size difference between the left and right kidneys, with the left kidney being significantly smaller, could be within normal anatomical variation but is noteworthy and may benefit from human review.",n/a,yes,supported
146,Subj_1slice_17,rag,"The spleen's absence from this slice is not unusual given its smaller size and location, but its segmentation should be verified on adjacent slices to ensure it is not missed.",n/a,yes,supported
147,Subj_1slice_17,rag,"Overall, while the automated segmentation provides a useful initial assessment, human review is recommended to verify the left kidney's size and to assess the spleen's presence on adjacent slices.",n/a,yes,supported
148,Subj_15slice_14,norag,"## Findings:
The 2D abdominal MRI slice shows the presence of the right kidney, left kidney, and spleen, with the liver not visible in this particular slice.",yes,n/a,supported
149,Subj_15slice_14,norag,"The right kidney covers 0.9% of the slice, while the left kidney covers 0.4%, indicating a notable asymmetry between the paired kidneys.",yes,n/a,supported
150,Subj_15slice_14,norag,The spleen covers 0.6% of the slice.,yes,n/a,supported
151,Subj_15slice_14,norag,"The background comprises 98.1% of the slice, suggesting that the slice may be obtained from a relatively low abdominal level or that there is a significant amount of abdominal fat or other non-organ tissue present.

## Impression:
The clinical impression is that of an abdominal MRI slice with asymmetric kidney size, which may warrant further evaluation to determine the cause of this asymmetry.",yes,n/a,supported
152,Subj_15slice_14,norag,"The absence of the liver in this slice is not uncommon, depending on the slice level, but the relative sizes and positions of the kidneys and spleen should be correlated with additional imaging slices for a comprehensive assessment.",n/a,n/a,supported
153,Subj_15slice_14,rag,"## Findings:
The liver is not visible on this slice.",n/a,yes,supported
154,Subj_15slice_14,rag,"The right kidney is present, covering 0.9% of the slice, with a mean confidence of 0.71 and mean entropy of 0.62.",yes,yes,supported
155,Subj_15slice_14,rag,"The left kidney is also visible, covering 0.4% of the slice, but its mean confidence is below the threshold at 0.61 and its entropy is high at 0.77, indicating that this region requires human review.",yes,yes,supported
156,Subj_15slice_14,rag,"The spleen is seen, covering 0.6% of the slice, with a mean confidence of 0.81 and mean entropy of 0.59.

## Impression:
Given the slice-level data, the spleen and right kidney appear to be adequately segmented.",yes,yes,supported
157,Subj_15slice_14,rag,"However, the left kidney's low confidence and high entropy suggest that its automated segmentation output may not be reliable, necessitating human review for accurate assessment.",n/a,yes,supported
158,Subj_15slice_14,rag,The absence of the liver on this slice is consistent with the expected anatomy and does not necessarily indicate any abnormality.,n/a,yes,supported
159,Subj_15slice_14,rag,"Overall, this slice provides a limited view of the abdominal organs, and a comprehensive evaluation would require analysis of the entire 3D volume.",yes,yes,supported
160,Subj_1slice_2,norag,"## Findings:
The provided 2D abdominal MRI slice shows an absence of segmented pixels for the liver, right kidney, left kidney, and spleen, with 100.0% of the slice comprised of background.",yes,n/a,supported
161,Subj_1slice_2,norag,"This suggests that the slice may not have captured these organs or may be an outlier slice not representative of typical abdominal anatomy.

## Impression:
The clinical impression is that the provided MRI slice does not contain the expected abdominal organs, including the liver, kidneys, and spleen, which may indicate that the slice is either too superior, too inferior, or not representative of the abdominal region.",n/a,n/a,supported
162,Subj_1slice_2,norag,Further evaluation of adjacent slices or a review of the entire MRI study is recommended to assess the presence and morphology of these organs.,n/a,n/a,supported
163,Subj_1slice_2,rag,"## Findings:
The automated segmentation output of the single 2D abdominal MRI slice shows that none of the organs (liver, right kidney, left kidney, spleen) are visible on this slice, with 0 pixels allocated to each organ and 100.0% of the slice allocated to the background.",yes,yes,supported
164,Subj_1slice_2,rag,"This suggests that the slice level may not intersect with these organs or they may be outside the field of view.

## Impression:
Given that none of the organs are visible on this slice, the entire slice requires human review to determine the presence and appearance of the liver, kidneys, and spleen.",n/a,yes,supported
165,Subj_1slice_2,rag,"The absence of these organs on this particular slice does not necessarily indicate an abnormality, as it may be due to the slice level not intersecting with the organs.",n/a,yes,supported
166,Subj_1slice_2,rag,"A comprehensive evaluation of the entire MRI scan is necessary to assess the size, shape, and signal characteristics of these organs.",n/a,yes,supported
167,Subj_1slice_10,norag,"## Findings:
The provided 2D abdominal MRI slice shows minimal organ presence, with the left kidney being the only visible organ, occupying 0.2% of the slice (120 px).",partial,n/a,partially_supported
168,Subj_1slice_10,norag,"The right kidney, liver, and spleen are not visible in this slice.",n/a,n/a,supported
169,Subj_1slice_10,norag,"The left kidney has a mean confidence of 0.82 and mean entropy of 0.46, indicating moderate confidence in its segmentation.",yes,n/a,supported
170,Subj_1slice_10,norag,"The background comprises 99.8% of the slice.

## Impression:
The clinical impression is that this MRI slice may not be representative of the typical abdominal anatomy, given the absence of the liver, right kidney, and spleen.",yes,n/a,supported
171,Subj_1slice_10,norag,"The solitary presence of the left kidney, albeit with moderate segmentation confidence, suggests potential slice positioning or anatomical variability.",n/a,n/a,supported
172,Subj_1slice_10,norag,Further imaging or slice analysis is recommended to fully assess abdominal anatomy and identify any potential abnormalities.,n/a,n/a,supported
173,Subj_1slice_10,rag,"## Findings:
The automated segmentation output of the single 2D abdominal MRI slice shows the left kidney with a coverage of 120 pixels (0.2% of the slice), a mean confidence of 0.82, and a mean entropy of 0.46.",partial,yes,partially_supported
174,Subj_1slice_10,rag,"The liver, right kidney, and spleen are not visible on this slice, occupying 0 pixels each.",yes,yes,supported
175,Subj_1slice_10,rag,"The background comprises 99.8% of the slice.

## Impression:
The left kidney is partially visualized on this slice, with a relatively low coverage percentage, which is not uncommon given the slice-based approach.",yes,yes,supported
176,Subj_1slice_10,rag,"However, the mean confidence of 0.82 is below the typical threshold for high confidence, suggesting that this region may require human review to confirm the accuracy of the segmentation.",yes,yes,supported
177,Subj_1slice_10,rag,"The liver, right kidney, and spleen are not present on this slice, which is a normal consequence of 3D anatomy being sampled by a single 2D slice.",yes,yes,supported
178,Subj_1slice_10,rag,Further evaluation of adjacent slices or a 3D volumetric analysis would be necessary to assess the size and morphology of these organs.,yes,yes,supported
179,Subj_15slice_11,norag,"## Findings:
The 2D abdominal MRI slice demonstrates the presence of the right and left kidneys, with the right kidney covering 1.6% of the slice and the left kidney covering 1.3% of the slice.",yes,n/a,supported
180,Subj_15slice_11,norag,"The liver is barely visible, occupying 0.0% of the slice.",yes,n/a,supported
181,Subj_15slice_11,norag,"Notably, the spleen is not visible in this slice.",n/a,n/a,supported
182,Subj_15slice_11,norag,"The right kidney is slightly larger than the left kidney, with a higher mean confidence and lower mean entropy on automated segmentation.

## Impression:
The clinical impression is that of an abdominal MRI slice with asymmetric kidney size and normal kidney signal intensity, but with limited visibility of the liver and absence of the spleen, suggesting that this slice may not be representative of the entire abdominal anatomy or that there may be anatomical variations or pathology affecting these organs.",n/a,n/a,supported
183,Subj_15slice_11,norag,Further imaging slices and clinical correlation are recommended for a comprehensive evaluation.,n/a,n/a,supported
184,Subj_15slice_11,rag,"## Findings:
The automated segmentation output for the given 2D abdominal MRI slice shows the right kidney covering 1.6% of the slice (809 px) with a mean confidence of 0.96 and mean entropy of 0.12.",partial,yes,partially_supported
185,Subj_15slice_11,rag,The left kidney covers 1.3% of the slice (663 px) with a mean confidence of 0.94 and mean entropy of 0.16.,partial,yes,partially_supported
186,Subj_15slice_11,rag,"The liver and spleen are not significantly represented on this slice, with 0 pixels each.",yes,yes,supported
187,Subj_15slice_11,rag,"The background occupies 97.0% of the slice.

## Impression:
The right and left kidneys are identified on this slice with high confidence and low entropy, suggesting accurate segmentation.",yes,yes,supported
188,Subj_15slice_11,rag,"However, the liver's low confidence (0.59) and high entropy (0.67) are not directly relevant as it is not significantly represented on this slice.",yes,no,supported
189,Subj_15slice_11,rag,"The spleen is not visible on this slice, which is not uncommon given its smaller size and location.",n/a,yes,supported
190,Subj_15slice_11,rag,The size difference between the right and left kidneys (approximately 146 pixels or roughly 0.3% of the slice) is within normal anatomical variation.,partial,yes,partially_supported
191,Subj_15slice_11,rag,"Overall, the kidneys appear to be normally represented on this slice, but the lack of significant liver and spleen representation and the low confidence in liver segmentation (if it were present) would require human review for a comprehensive assessment.",n/a,yes,supported
192,Subj_1slice_7,norag,"## Findings:
The provided 2D abdominal MRI slice shows an absence of the liver, right kidney, left kidney, and spleen, with 0 pixels allocated to each of these organs.",yes,n/a,supported
193,Subj_1slice_7,norag,"The entire slice is comprised of background, covering 100.0% of the area, totaling 50,176 pixels.",partial,n/a,partially_supported
194,Subj_1slice_7,norag,"There is a notable absence of abdominal organs in this slice, suggesting it may be positioned outside the typical anatomical range of these structures or that there is an issue with the segmentation algorithm.

## Impression:
The clinical impression is that this MRI slice does not capture the expected abdominal anatomy, as none of the major organs such as the liver, kidneys, or spleen are present.",n/a,n/a,supported
195,Subj_1slice_7,norag,"This could be due to the slice being too superior or inferior, or there might be a technical issue with the imaging or segmentation process.",n/a,n/a,supported
196,Subj_1slice_7,norag,Further evaluation with additional slices or imaging modalities is recommended to accurately assess abdominal anatomy.,n/a,n/a,supported
197,Subj_1slice_7,rag,"## Findings:
The automated segmentation output of the 2D abdominal MRI slice shows that none of the organs (liver, right kidney, left kidney, spleen) are visible on this particular slice, with 0 pixels allocated to each organ and 100.0% of the slice allocated to the background.",yes,yes,supported
198,Subj_1slice_7,rag,"This suggests that the slice level may not intersect with these organs or they may be outside the field of view.

## Impression:
Given that none of the organs are visible on this slice, with 0% coverage, it is likely that this slice is either too high or too low to capture the anatomy of interest.",yes,yes,supported
199,Subj_1slice_7,rag,"This does not necessarily indicate an abnormality, but rather a normal consequence of 3D anatomy being sampled by a single 2D slice.",yes,yes,supported
200,Subj_1slice_7,rag,Human review is recommended to assess the entire scan and determine if the organs are adequately visualized on other slices.,n/a,yes,supported
201,Subj_1slice_3,norag,"## Findings:
The provided 2D abdominal MRI slice shows an absence of the liver, right kidney, left kidney, and spleen, with 0 pixels allocated to each of these organs.",yes,n/a,supported
202,Subj_1slice_3,norag,"The entire slice is comprised of background, covering 100.0% of the area, totaling 50,176 pixels.",partial,n/a,partially_supported
203,Subj_1slice_3,norag,"There is a notable absence of abdominal organs in the slice, suggesting that the slice may be too superior or inferior to include these structures.

## Impression:
The clinical impression is that the MRI slice does not capture the typical abdominal anatomy, as it lacks visualization of major organs such as the liver, kidneys, and spleen.",n/a,n/a,supported
204,Subj_1slice_3,norag,"This suggests that the slice may be outside the range of normal abdominal anatomy, potentially being too high or too low to include these structures.",n/a,n/a,supported
205,Subj_1slice_3,norag,Further imaging or adjustment of slice selection may be necessary to adequately assess abdominal anatomy.,n/a,n/a,supported
206,Subj_1slice_3,rag,"## Findings:
The automated segmentation output of the single 2D abdominal MRI slice shows that none of the organs (liver, right kidney, left kidney, spleen) are visible on this slice, with 0 pixels allocated to each organ and 100.0% of the slice allocated to the background.",yes,yes,supported
207,Subj_1slice_3,rag,"This suggests that the slice level may not intersect these organs or they may be outside the field of view.

## Impression:
Given that none of the organs are visible on this slice, with 0% coverage, it is likely that this slice is either too high or too low to capture the abdominal organs of interest.",yes,yes,supported
208,Subj_1slice_3,rag,"This does not necessarily indicate an abnormality, but rather a normal consequence of 3D anatomy being sampled by a single 2D slice.",yes,yes,supported
209,Subj_1slice_3,rag,"No regions require human review based on confidence or entropy thresholds, as no organs were detected.",n/a,yes,supported
210,Subj_1slice_3,rag,"However, it may be beneficial to review adjacent slices to assess the presence and appearance of the abdominal organs.",n/a,yes,supported
211,Subj_15slice_21,norag,"## Findings:
The provided 2D abdominal MRI slice shows an absence of segmented pixels for the liver, right kidney, left kidney, and spleen, with 100.0% of the slice comprised of background.",yes,n/a,supported
212,Subj_15slice_21,norag,"This suggests that the slice may not have captured these organs or that there is an issue with the segmentation algorithm.

## Impression:
The clinical impression is that the provided MRI slice does not contain the expected abdominal organs, including the liver, kidneys, and spleen, which may indicate that the slice is not representative of typical abdominal anatomy or that there is a technical issue with the imaging or segmentation process.",n/a,n/a,supported
213,Subj_15slice_21,norag,Further evaluation with additional slices or imaging modalities is recommended to accurately assess abdominal organ presence and morphology.,n/a,n/a,supported
214,Subj_15slice_21,rag,"## Findings:
The automated segmentation output of the single 2D abdominal MRI slice shows that none of the organs (liver, right kidney, left kidney, and spleen) are visible on this slice, with 0 pixels allocated to each organ and 100.0% of the slice allocated to the background.",yes,yes,supported
215,Subj_15slice_21,rag,"This suggests that the slice level may not intersect with these organs.

## Impression:
Given that none of the organs are visible on this slice, with 0% coverage, it is likely that this slice is taken at a level where the organs are not present.",yes,yes,supported
216,Subj_15slice_21,rag,This is a normal consequence of 3D anatomy being sampled by a single 2D slice and does not necessarily indicate an error in segmentation.,yes,yes,supported
217,Subj_15slice_21,rag,"However, human review is recommended to confirm the absence of these organs on this slice and to assess the entire scan for accurate organ visualization and measurement.",n/a,yes,supported
218,Subj_1slice_36,norag,"## Findings:
The provided 2D abdominal MRI slice segmentation results show a small area of the liver (1.0% of the slice) with high mean confidence (0.95) and low mean entropy (0.12), indicating a reliable detection.",yes,n/a,supported
219,Subj_1slice_36,norag,"However, the right and left kidneys, as well as the spleen, are not detected in this slice, covering 0.0% of the area.",yes,n/a,supported
220,Subj_1slice_36,norag,"The background comprises the majority of the slice (99.0%).

## Impression:
The clinical impression is that this MRI slice may not be representative of the typical abdominal anatomy, given the absence of the kidneys and spleen, and the relatively small coverage of the liver.",yes,n/a,supported
221,Subj_1slice_36,norag,"The lack of detection of paired structures (kidneys) suggests a potential asymmetry or an issue with slice positioning, warranting further evaluation with additional slices or imaging modalities to confirm the presence and integrity of these organs.",n/a,n/a,supported
222,Subj_1slice_36,rag,"## Findings:
The liver is present on this single 2D abdominal MRI slice, covering 1.0% of the slice with a mean confidence of 0.95 and mean entropy of 0.12.",yes,yes,supported
223,Subj_1slice_36,rag,"The right kidney, left kidney, and spleen are not visible on this slice, occupying 0.0% of the slice each.",yes,yes,supported
224,Subj_1slice_36,rag,"The background occupies the majority of the slice, at 99.0% of the slice.

## Impression:
The liver's automated segmentation output on this single slice appears reliable given its high confidence and low entropy.",yes,yes,supported
225,Subj_1slice_36,rag,"However, the absence of the right kidney, left kidney, and spleen on this slice is likely due to the slice level and does not necessarily indicate abnormality.",n/a,yes,supported
226,Subj_1slice_36,rag,"The liver's coverage percentage on this slice is low, but this is a local measurement and should not be interpreted as a statement about the organ's total volume or size relative to normal reference ranges.",n/a,yes,supported
227,Subj_1slice_36,rag,"Human review is not required for the liver region based on the provided metrics, but the non-visibility of other organs on this slice does not provide sufficient information to assess their size or morphology, suggesting the need for review of additional slices for comprehensive evaluation.",n/a,no,partially_supported
228,Subj_1slice_15,norag,"## Findings:
The 2D abdominal MRI slice demonstrates the presence of the liver and both kidneys, with the right kidney appearing larger than the left.",yes,n/a,supported
229,Subj_1slice_15,norag,"The liver comprises 0.8% of the slice, while the right and left kidneys comprise 1.1% and 0.3% of the slice, respectively.",yes,n/a,supported
230,Subj_1slice_15,norag,"Notably, the spleen is not visualized in this slice.",n/a,n/a,supported
231,Subj_1slice_15,norag,"The automated segmentation output shows high confidence levels for the liver and right kidney, with mean confidence values of 0.92 and 0.93, respectively.

## Impression:
The clinical impression is that of an abdominal MRI slice with asymmetric kidney size, suggesting potential left kidney atrophy or hypoplasia.",yes,n/a,supported
232,Subj_1slice_15,norag,The absence of the spleen in this single slice may be due to slice selection or spleen location rather than absence.,n/a,n/a,supported
233,Subj_1slice_15,norag,Further imaging and clinical correlation are necessary to fully evaluate the abdominal anatomy and determine the significance of these findings.,n/a,n/a,supported
234,Subj_1slice_15,rag,"## Findings:
The liver is present on the slice, covering 0.8% of the slice area with a mean confidence of 0.92 and mean entropy of 0.20.",yes,yes,supported
235,Subj_1slice_15,rag,"The right kidney is also visible, covering 1.1% of the slice area with a mean confidence of 0.93 and mean entropy of 0.18.",yes,yes,supported
236,Subj_1slice_15,rag,"The left kidney is seen, but with a smaller coverage of 0.3% of the slice area, a mean confidence of 0.90, and a slightly higher mean entropy of 0.24.",yes,yes,supported
237,Subj_1slice_15,rag,"The spleen is not visible on this slice, covering 0.0% of the slice area.

## Impression:
The liver and right kidney appear well-segmented with high confidence and low entropy, suggesting accurate automated segmentation.",yes,yes,supported
238,Subj_1slice_15,rag,"However, the left kidney's slightly lower confidence and higher entropy may require human review to confirm its segmentation accuracy.",n/a,yes,supported
239,Subj_1slice_15,rag,"The spleen's absence on this slice is not unusual given its smaller size and location, but its segmentation output should be reviewed in conjunction with other slices to ensure accurate assessment.",n/a,yes,supported
240,Subj_1slice_15,rag,"Overall, this slice's automated segmentation output appears largely reliable for the liver and right kidney, but the left kidney and spleen regions may benefit from further review.",n/a,yes,supported
241,Subj_1slice_20,norag,"## Findings:
The 2D abdominal MRI slice demonstrates the presence of the liver, right kidney, left kidney, and spleen.",yes,n/a,supported
242,Subj_1slice_20,norag,"The liver comprises 3.9% of the slice, while the right and left kidneys account for 1.4% and 1.2%, respectively.",yes,n/a,supported
243,Subj_1slice_20,norag,"The spleen is relatively smaller, covering 0.5% of the slice.",yes,n/a,supported
244,Subj_1slice_20,norag,"Notably, there is a slight asymmetry between the paired kidneys, with the right kidney being approximately 24% larger than the left kidney.

## Impression:
The abdominal organs are present and generally conform to expected anatomy, although there is a notable size discrepancy between the right and left kidneys.",yes,n/a,supported
245,Subj_1slice_20,norag,The relative coverage of the liver and spleen appears within typical ranges.,n/a,n/a,supported
246,Subj_1slice_20,norag,Further evaluation of additional MRI slices and clinical correlation would be necessary to fully assess the significance of the observed renal asymmetry and to rule out any potential underlying pathology.,n/a,n/a,supported
247,Subj_1slice_20,rag,"## Findings:
The automated segmentation output for this single 2D abdominal MRI slice shows the liver covering 3.9% of the slice, with a mean confidence of 0.95 and mean entropy of 0.11.",yes,yes,supported
248,Subj_1slice_20,rag,"The right kidney covers 1.4% of the slice, with a mean confidence of 0.94 and mean entropy of 0.16.",yes,yes,supported
249,Subj_1slice_20,rag,"The left kidney covers 1.2% of the slice, with a mean confidence of 0.94 and mean entropy of 0.15.",yes,yes,supported
250,Subj_1slice_20,rag,"The spleen covers 0.5% of the slice, with a mean confidence of 0.92 and mean entropy of 0.20.

## Impression:
The liver, right kidney, and left kidney segmentations demonstrate high confidence and low entropy, suggesting accurate automated segmentation.",yes,yes,supported
251,Subj_1slice_20,rag,"However, the spleen's relatively lower confidence and higher entropy may indicate a need for human review to verify its segmentation accuracy.",n/a,yes,supported
252,Subj_1slice_20,rag,"No conclusions can be drawn regarding organ size or volume based on this single-slice analysis, as it is a deliberately local measurement and not representative of the entire organ.",n/a,yes,supported
253,Subj_1slice_26,norag,"## Findings:
The 2D abdominal MRI slice demonstrates the presence of the liver, spleen, and both kidneys.",yes,n/a,supported
254,Subj_1slice_26,norag,"The liver is the predominant organ in the slice, occupying 12.4% of the total area.",yes,n/a,supported
255,Subj_1slice_26,norag,"The left kidney is significantly larger than the right kidney, with 768 pixels compared to 138 pixels.",no,n/a,unsupported
256,Subj_1slice_26,norag,"The spleen is also present, covering 1.3% of the slice.",yes,n/a,supported
257,Subj_1slice_26,norag,"The background comprises 84.5% of the slice, indicating that the organs are not extensively represented in this particular slice.

## Impression:
The clinical impression is that of an abdominal MRI slice with notable asymmetry between the paired kidneys, suggesting potential right kidney atrophy or hypoplasia.",yes,n/a,supported
258,Subj_1slice_26,norag,The liver and spleen appear to be within normal limits in terms of relative coverage.,n/a,n/a,supported
259,Subj_1slice_26,norag,Further imaging and clinical correlation are necessary to fully evaluate the significance of the observed kidney size discrepancy.,n/a,n/a,supported
260,Subj_1slice_26,rag,"## Findings:
The liver occupies 12.4% of the slice, with a high mean confidence of 0.98 and low mean entropy of 0.06.",yes,yes,supported
261,Subj_1slice_26,rag,"The right kidney covers 0.3% of the slice, with a mean confidence of 0.87 and higher mean entropy of 0.34, suggesting potential for human review due to lower confidence.",yes,yes,supported
262,Subj_1slice_26,rag,"The left kidney covers 1.5% of the slice, with a mean confidence of 0.95 and mean entropy of 0.13.",yes,yes,supported
263,Subj_1slice_26,rag,"The spleen covers 1.3% of the slice, with a mean confidence of 0.92 and mean entropy of 0.19.

## Impression:
The automated segmentation output suggests that the liver is prominently visualized on this slice, with high confidence and low entropy.",yes,yes,supported
264,Subj_1slice_26,rag,The right kidney's lower confidence and higher entropy may require human review to confirm its segmentation accuracy.,n/a,yes,supported
265,Subj_1slice_26,rag,"The left kidney and spleen have acceptable confidence levels, but as with any single-slice assessment, their sizes should not be interpreted as indicative of their whole-organ volumes without consideration of the full 3D scan.",yes,yes,supported
266,Subj_1slice_26,rag,"Overall, this slice provides a snapshot of the relative sizes and positions of these organs at a particular craniocaudal level, but further analysis is necessary for a comprehensive evaluation of organ size and morphology.",n/a,yes,supported
267,Subj_1slice_18,norag,"## Findings:
The 2D abdominal MRI slice demonstrates the presence of the liver and both kidneys, with the liver occupying 2.5% of the slice and the right and left kidneys occupying 1.7% and 1.2% of the slice, respectively.",yes,n/a,supported
268,Subj_1slice_18,norag,The spleen is not visible in this slice.,n/a,n/a,supported
269,Subj_1slice_18,norag,"The mean confidence and entropy values for the segmented organs are within acceptable ranges, indicating reliable segmentation.",n/a,n/a,supported
270,Subj_1slice_18,norag,"Notably, there is an asymmetry between the paired kidneys, with the right kidney being larger than the left.

## Impression:
The clinical impression is that of an abdominal MRI slice with normal liver presence and a notable asymmetry between the right and left kidneys, with the right kidney being larger.",n/a,n/a,supported
271,Subj_1slice_18,norag,"The absence of the spleen in this slice may be due to slice positioning rather than splenic agenesis, as the spleen may be located in a different anatomical plane.",n/a,n/a,supported
272,Subj_1slice_18,norag,Further imaging slices would be necessary to fully evaluate abdominal anatomy.,n/a,n/a,supported
273,Subj_1slice_18,rag,"## Findings:
The automated segmentation output for this single 2D abdominal MRI slice shows the liver occupying 2.5% of the slice with a mean confidence of 0.96 and mean entropy of 0.10.",yes,yes,supported
274,Subj_1slice_18,rag,The right kidney covers 1.7% of the slice with a mean confidence of 0.96 and mean entropy of 0.10.,yes,yes,supported
275,Subj_1slice_18,rag,The left kidney covers 1.2% of the slice with a mean confidence of 0.96 and mean entropy of 0.11.,yes,yes,supported
276,Subj_1slice_18,rag,"The spleen is not visible on this slice, covering 0.0% of the slice.

## Impression:
The liver and kidneys are adequately segmented with high confidence and low entropy, suggesting reliable automated measurements for these organs on this slice.",yes,yes,supported
277,Subj_1slice_18,rag,"The absence of the spleen on this slice is likely due to its smaller size and position near the edge of the typical axial slice, rather than a segmentation error.",n/a,yes,supported
278,Subj_1slice_18,rag,No abnormalities are noted in the visible organs based on the provided measurements.,n/a,yes,supported
279,Subj_1slice_18,rag,"However, the spleen region requires human review to confirm its absence or presence on adjacent slices, as its lack of visibility on this single slice does not necessarily indicate an abnormality.",n/a,yes,supported
280,Subj_15slice_20,norag,"## Findings:
The provided 2D abdominal MRI slice shows an absence of segmented liver, right kidney, left kidney, and spleen, with 0 pixels allocated to each of these organs.",yes,n/a,supported
281,Subj_15slice_20,norag,"The entire slice is comprised of background, covering 100.0% of the area, totaling 50,176 pixels.",partial,n/a,partially_supported
282,Subj_15slice_20,norag,"There is no visible organ presence or structure to assess for asymmetry or comparison to typical anatomy.

## Impression:
The clinical impression is that the provided MRI slice does not capture any of the major abdominal organs, suggesting it may be an outlier slice or not representative of the typical abdominal anatomy.",n/a,n/a,supported
283,Subj_15slice_20,norag,Further review of adjacent slices or the entire MRI study is necessary to assess the abdominal organs and provide an accurate evaluation.,n/a,n/a,supported
284,Subj_15slice_20,rag,"## Findings:
The automated segmentation output of the 2D abdominal MRI slice shows that none of the organs (liver, right kidney, left kidney, and spleen) are visible on this particular slice, with 0 pixels allocated to each organ and 100.0% of the slice allocated to the background.",yes,yes,supported
285,Subj_15slice_20,rag,"This suggests that the slice level may not intersect with these organs or they may be outside the field of view.

## Impression:
Given the absence of any organ pixels on this slice, it is likely that this slice is either too high or too low to capture the abdominal organs of interest.",n/a,yes,supported
286,Subj_15slice_20,rag,"As a result, no conclusions can be drawn about the size, shape, or signal characteristics of the liver, kidneys, or spleen from this single slice.",n/a,yes,supported
287,Subj_15slice_20,rag,"Human review is required to determine the appropriate slice level and to assess the organs in their entirety, potentially through a 3D volumetric analysis across the entire scan.",yes,yes,supported
288,Subj_1slice_30,norag,"## Findings:
The 2D abdominal MRI slice demonstrates the presence of the liver, which occupies 15.2% of the slice, and the spleen, which occupies 1.1% of the slice.",yes,n/a,supported
289,Subj_1slice_30,norag,"Notably, the right and left kidneys are not visible in this slice, suggesting they may be located outside of the imaged plane.",n/a,n/a,supported
290,Subj_1slice_30,norag,"The liver and spleen are identified with high and moderate confidence, respectively, as indicated by their mean confidence values of 0.98 and 0.89.

## Impression:
The absence of the kidneys in this single slice is not uncommon, given the variability in organ position and the limited coverage of a single 2D slice.",yes,n/a,supported
291,Subj_1slice_30,norag,"However, the presence and relative size of the liver and spleen appear within expected ranges.",n/a,n/a,supported
292,Subj_1slice_30,norag,"Further imaging, including additional slices or sequences, would be necessary to fully evaluate the abdominal organs and assess for any potential abnormalities, including the location and morphology of the kidneys.",n/a,n/a,supported
293,Subj_1slice_30,rag,"## Findings:
The liver is present on this axial MRI slice, covering 15.2% of the slice area with a high mean confidence of 0.98 and low mean entropy of 0.05.",yes,yes,supported
294,Subj_1slice_30,rag,"The spleen is also visible, covering 1.1% of the slice area, but with a lower mean confidence of 0.89 and higher mean entropy of 0.24.",yes,yes,supported
295,Subj_1slice_30,rag,"The right and left kidneys are not visible on this slice. 

## Impression:
The liver appears unremarkable on this single 2D axial MRI slice.",yes,yes,supported
296,Subj_1slice_30,rag,"However, the spleen's automated segmentation output has a mean confidence below the desired threshold and a higher mean entropy, indicating that this region requires human review to confirm the accuracy of the segmentation and assess for any potential abnormalities.",n/a,no,partially_supported
297,Subj_1slice_30,rag,The absence of the kidneys on this slice is consistent with the normal anatomical variation and slice positioning.,n/a,yes,supported
298,Subj_1slice_1,norag,"## Findings:
The provided 2D abdominal MRI slice shows an absence of the liver, right kidney, left kidney, and spleen, with 0 pixels allocated to each of these organs.",yes,n/a,supported
299,Subj_1slice_1,norag,"The entire slice is comprised of background, covering 100.0% of the area, totaling 50,176 pixels.",partial,n/a,partially_supported
300,Subj_1slice_1,norag,"There is a notable absence of abdominal organs in the slice, suggesting that the slice may be too superior or inferior to include these structures.

## Impression:
The clinical impression is that the MRI slice does not capture the typical abdominal anatomy, as none of the expected organs (liver, kidneys, spleen) are present.",n/a,n/a,supported
301,Subj_1slice_1,norag,"This suggests the slice may be outside the range of normal abdominal organ location, potentially being too high or too low.",n/a,n/a,supported
302,Subj_1slice_1,norag,Further imaging or adjustment of slice selection may be necessary to adequately assess abdominal anatomy.,n/a,n/a,supported
303,Subj_1slice_1,rag,"## Findings:
The automated segmentation output of the 2D abdominal MRI slice shows that none of the organs (liver, right kidney, left kidney, and spleen) are visible on this particular slice, with 0 pixels (0.0% of the slice) attributed to each organ.",yes,yes,supported
304,Subj_1slice_1,rag,"The entire slice is comprised of background, covering 100.0% of the slice.

## Impression:
Given that none of the organs are visible on this slice, with zero pixels attributed to each, it suggests that this slice may be taken at a level where none of the organs are present.",yes,yes,supported
305,Subj_1slice_1,rag,This is a normal consequence of 3D anatomy being sampled by a single 2D slice and does not necessarily indicate a segmentation error.,yes,yes,supported
306,Subj_1slice_1,rag,"However, human review is recommended to confirm the absence of these organs on this slice and to assess the entire scan for accurate organ visualization and measurement.",n/a,yes,supported
307,Subj_1slice_23,norag,"## Findings:
The 2D abdominal MRI slice demonstrates the presence of the liver, right kidney, left kidney, and spleen.",yes,n/a,supported
308,Subj_1slice_23,norag,"The liver comprises 7.4% of the slice, while the right and left kidneys are relatively smaller, each occupying approximately 1.5% of the slice.",yes,n/a,supported
309,Subj_1slice_23,norag,"The spleen is the smallest of the segmented organs, covering 0.9% of the slice.",yes,n/a,supported
310,Subj_1slice_23,norag,"The background, likely representing abdominal cavity and other non-organ tissues, dominates the slice at 88.7%.",yes,n/a,supported
311,Subj_1slice_23,norag,"The kidneys appear relatively symmetric in size.

## Impression:
The abdominal organs are present and appear to be within normal limits in terms of relative size and symmetry, with no notable asymmetries observed between the paired kidneys.",n/a,n/a,supported
312,Subj_1slice_23,norag,"The automated segmentation output suggests a typical anatomical arrangement, with the liver being the largest organ in the slice, followed by the kidneys and then the spleen.",n/a,n/a,supported
313,Subj_1slice_23,norag,Further evaluation of additional MRI slices would be necessary for a comprehensive assessment.,n/a,n/a,supported
314,Subj_1slice_23,rag,"## Findings:
The liver occupies 7.4% of the slice, with a mean confidence of 0.94 and mean entropy of 0.13.",yes,yes,supported
315,Subj_1slice_23,rag,"The right kidney and left kidney each occupy approximately 1.5% of the slice, with mean confidences of 0.96 and 0.95, and mean entropies of 0.11 and 0.14, respectively.",yes,yes,supported
316,Subj_1slice_23,rag,"The spleen occupies 0.9% of the slice, with a mean confidence of 0.93 and a mean entropy of 0.18.

## Impression:
The automated segmentation output for the liver, right kidney, and left kidney appears reliable, given their mean confidences above 0.90 and relatively low entropies.",yes,yes,supported
317,Subj_1slice_23,rag,"However, the spleen's higher entropy of 0.18 may indicate some uncertainty in its segmentation, suggesting that this region requires human review to confirm its accuracy.",yes,yes,supported
318,Subj_1slice_23,rag,"Overall, the segmentation output provides a reasonable estimate of organ coverage on this single 2D abdominal MRI slice, but should be interpreted with caution and considered in the context of the full 3D volumetric analysis for a comprehensive assessment of organ size and morphology.",yes,yes,supported
319,Subj_1slice_11,norag,"## Findings:
The provided 2D abdominal MRI slice shows minimal organ presence, with the liver, right kidney, and spleen being entirely absent.",yes,n/a,supported
320,Subj_1slice_11,norag,"The left kidney is barely visible, occupying only 0.1% of the slice with low confidence (0.53) and high entropy (1.00) in the automated segmentation, suggesting potential inaccuracies.",yes,n/a,supported
321,Subj_1slice_11,norag,"The majority of the slice (99.9%) is classified as background.

## Impression:
The clinical impression is limited due to the near absence of abdominal organs in the provided MRI slice.",yes,n/a,supported
322,Subj_1slice_11,norag,"The solitary presence of a faint, poorly segmented left kidney raises concerns about the accuracy of the automated segmentation and warrants human review for verification.",n/a,n/a,supported
323,Subj_1slice_11,norag,"The marked asymmetry between the absent right kidney and the barely visible left kidney, along with the complete absence of other major organs like the liver and spleen, suggests this slice may not be representative of typical abdominal anatomy, possibly due to slice positioning or technical issues.",n/a,n/a,supported
324,Subj_1slice_11,rag,"## Findings:
The automated segmentation output of the single 2D abdominal MRI slice shows the left kidney with a coverage of 54 pixels (0.1% of the slice).",yes,yes,supported
325,Subj_1slice_11,rag,"The liver, right kidney, and spleen are not visible on this slice, which is consistent with the normal anatomical variation and the slice-based approach.",n/a,yes,supported
326,Subj_1slice_11,rag,"The left kidney's mean confidence is 0.53, which is below the threshold, and its mean entropy is 1.00, indicating high uncertainty.

## Impression:
The left kidney region requires human review due to its low confidence and high entropy.",yes,no,supported
327,Subj_1slice_11,rag,"The absence of the liver, right kidney, and spleen on this slice is likely due to the slice level and does not necessarily indicate any abnormality.",n/a,yes,supported
328,Subj_1slice_11,rag,A comprehensive assessment of organ size and morphology would require a 3D volumetric analysis across the entire scan.,yes,yes,supported
